{"cameraMode":{"drawMode":0,"name":"Shaded","section":"Shading Mode"},"sceneLighting":true,"audioPlay":false,"sceneViewState":{"m_AlwaysRefresh":false,"showFog":true,"showSkybox":true,"showFlares":true,"showImageEffects":true,"showParticleSystems":true,"showVisualEffectGraphs":true,"m_FxEnabled":true},"in2DMode":false,"pivot":{"x":11.957169532775879,"y":-65.56727600097656,"z":-394.64794921875},"rotation":{"x":0.0013975818874314428,"y":0.9945839047431946,"z":-0.10330932587385178,"w":0.01342801284044981},"size":223.05381774902345,"orthographic":false}